{"funds":7.5,"min":0.00001,"max":0.1,"ratio":0.00001}