{"funds":8,"min":0.00001,"max":0.1,"ratio":0.00001,"presale_start_time":1687015200000,"presale_end_time":1686477000000}